"Back To Top","Back To Top"
"Main Color","Main Color"
"Main Font","Main Font"
"Storeview","Storeview"
"QR Code","QR Code"
"Full Slideshow","Full Slideshow"
"Reset","Reset"
"Box/Wide","Box/Wide"
"Background Image","Background Image"
"Don't have an account?","Don't have an account?"
"Login","Login"
"Register","Register"
"Sign Up","Sign Up"
"Buy Now","Buy Now"
"Quickshop","Quickshop"
"If you have an account with us, please log in","If you have an account with us, please log in"
"Shop Now","Shop Now"
"Additional Information","Additional Info"